key,class,subclass,year,century,source,elements_books,shelfmark,url,comments
ms_1,Greek manuscripts,Greek Cardinal Manuscripts,,9,Lee,,"Oxford, Bodleian, D'Orville, 301, 001-371",http://digital.bodleian.ox.ac.uk/inquire/p/06cfa3b7-2aad-465e-88ac-0ebe3f2b5d13,
ms_2,Greek manuscripts,Greek Cardinal Manuscripts,,9-12,Lee,,"Paris, Bibliothèque Nationale, Gr., 2466, 001-241v",http://gallica.bnf.fr/ark:/12148/btv1b107229634/f5.image,
ms_3,Greek manuscripts,Greek Cardinal Manuscripts,,9,Lee,,"Vatican, Vaticana, Vat.gr., 0190, 003-292",http://digi.vatlib.it/mss/detail/178321,
ms_4,Greek manuscripts,Greek Cardinal Manuscripts,,10,Lee,,"Firenze, Laurenziana, Plut., 28.03, 001-189",http://opac.bmlonline.it/Record.htm?record=576912439419,
ms_5,Greek manuscripts,Greek Cardinal Manuscripts,,11,Lee,,"Bologna, BC dell'Archiginnasio, Fonds Principal, A 0018, 001-136",http://badigit.comune.bologna.it/books/A18/scorri.asp?Id=1,
ms_6,Greek manuscripts,Greek Cardinal Manuscripts,,11,Lee,,"Bologna, BC dell'Archiginnasio, Fonds Principal, A 0019, 036-316",http://badigit.comune.bologna.it/books/A19/scorri.asp?Id=1,
ms_7,Greek manuscripts,Greek Cardinal Manuscripts,,12,Lee,,"Vienna, ÖNB, Phil.gr., 031, 001-254",http://data.onb.ac.at/rec/AL00116256,
ms_8,Greek manuscripts,Greek Secondary manuscripts,,11,Lee,,"Istanbul, Topkapi Sarayi Müzesi Kütüphanesi, Fonds principal, 001, 003-63",,
ms_9,Greek manuscripts,Greek Secondary manuscripts,,12,Lee,,"Paris, Bibliothèque Nationale, Gr., 2344, 017-366v",http://gallica.bnf.fr/ark:/12148/btv1b10723139w/f22.image.r=2344#,
ms_10,Greek manuscripts,Greek Secondary manuscripts,,13,Lee,,"Firenze, Laurenziana, Plut., 28.01, 245-326v",http://teca.bmlonline.it/ImageViewer/servlet/ImageViewer?idr=TECA0000620182&keyworks=euclides,
ms_11,Greek manuscripts,Greek Secondary manuscripts,,13,Lee,,"Firenze, Laurenziana, Plut., 28.06",http://teca.bmlonline.it/ImageViewer/servlet/ImageViewer?idr=TECA0000324726&keyworks=euclides,
ms_12,Greek manuscripts,Greek Secondary manuscripts,,13,Lee,,"Firenze, Laurenziana, Plut., 87.16, 357r-383v",http://opac.bmlonline.it/Record.htm?record=789012450729,
ms_13,Greek manuscripts,Greek Secondary manuscripts,,13,Lee,,"Paris, Bibliothèque Nationale, Gr., 2345, 006-239",http://gallica.bnf.fr/ark:/12148/btv1b11000284r/f10.image.r=2345,
ms_14,Greek manuscripts,Greek Secondary manuscripts,,13,Lee,,"Vaticano, Vaticana, Vat.gr., 192, 003-95",http://digi.vatlib.it/mss/detail/Vat.gr.192,
ms_15,Greek manuscripts,Greek Secondary manuscripts,,13,Lee,,"Vaticano, Vaticana, Vat.gr., 207, 118-146",http://digi.vatlib.it/mss/detail/Vat.gr.207,
ms_16,Greek manuscripts,Greek Secondary manuscripts,,14,Lee,,"Firenze, Laurenziana, Plut., 28.02, 001-245",http://teca.bmlonline.it/ImageViewer/servlet/ImageViewer?idr=TECA0000620040&keyworks=euclides,
ms_17,Greek manuscripts,Greek Secondary manuscripts,,14,Lee,,"Firenze, Laurenziana, Plut., 28.08",http://teca.bmlonline.it/ImageViewer/servlet/ImageViewer?idr=TECA0000327414&keyworks=euclides,
ms_18,Greek manuscripts,Greek Secondary manuscripts,,14,Lee,,"Modena, Biblioteca, Estense universitaria Fonds principal, α. T. 8. 21(Puntoni 142), 002-215v",http://bibliotecaestense.beniculturali.it/info/img/mss/i-mo-beu-alfa.t.8.21.html,
ms_19,Greek manuscripts,Greek Secondary manuscripts,,14,Lee,,"Oxford, Bodleian, Auct., F.6.23 (Misc.117), 001-266",,
ms_20,Greek manuscripts,Greek Secondary manuscripts,,14,Lee,,"Oxford, Bodleian, Savile, 13, 001-315",,
ms_21,Greek manuscripts,Greek Secondary manuscripts,,14,Lee,,"Paris, Bibliothèque Nationale, Gr., 2342, 001-96",,
ms_22,Greek manuscripts,Greek Secondary manuscripts,,14,Lee,,"Paris, Bibliothèque Nationale, Gr., 2373, 037-106",http://gallica.bnf.fr/ark:/12148/btv1b10509305h/f79.image.r=2373,
ms_23,Greek manuscripts,Greek Secondary manuscripts,,14,Lee,,"Venezia, Marciana, Gr.Z., 300 (COLL.0634), 001-265",,
ms_24,Greek manuscripts,Greek Secondary manuscripts,,14,Lee,,"Vienna, ÖNB, Pihl.gr., 139, 251-297v",,
ms_25,Greek manuscripts,Greek Secondary manuscripts,,15,Lee,,"Oxford, Bodleian, Auct., F.3.16 (Misc.090)",,
ms_26,Greek manuscripts,Greek Secondary manuscripts,,15,Lee,,"Paris, Bibliothèque Nationale, Gr., 2346, 001-166v",http://gallica.bnf.fr/ark:/12148/btv1b525065562/f2.image.r=2346,
ms_27,Greek manuscripts,Greek Secondary manuscripts,,15,Lee,,"Paris, Bibliothèque Nationale, Gr., 2531, 130-363",http://gallica.bnf.fr/ark:/12148/btv1b10723459v/f135.image.r=2531,
ms_28,Greek manuscripts,Greek Secondary manuscripts,,15,Lee,,"Vatican, Vaticana, Ottob.gr., 310, 001-123",http://digi.vatlib.it/mss/detail/Ott.gr.310,
ms_29,Greek manuscripts,Greek Secondary manuscripts,,15,Lee,,"Venezia, Marciana, Gr.Z., 301 (coll.0635), 001-326v",,
ms_30,Greek manuscripts,Greek Secondary manuscripts,,15,Lee,,"Venezia, Marciana, Gr.Z., 302 (coll.0730), 001-156v",,
ms_31,Greek manuscripts,Greek Secondary manuscripts,,15,Lee,,"Vienna, ÖNB, Phil.gr., 062, 050-203v",,
ms_32,Greek manuscripts,Greek Secondary manuscripts,,16,Lee,,"Paris, Bibliothèque Nationale, Gr., 2343",,
ms_33,Greek manuscripts,Greek Secondary manuscripts,,16,Lee,,"Vaticano, Vaticana, Barb.gr., 244, 001-231",http://digi.vatlib.it/mss/detail/Barb.gr.244,
ms_34,Greek manuscripts,Greek Secondary manuscripts,,,Lee,,"Escorial, Real Biblioteca, Fonds Principal, Phi.III.05 (Andrés 224), 001-324v",,
ms_35,Greek manuscripts,Greek Secondary manuscripts,,,Lee,,"Vatican, Vaticana, Vat.gr., 204 (Scholia), 199r-206v",http://digi.vatlib.it/view/MSS_Vat.gr.204,
ms_36,Arabic manuscripts,Ishāq-Thābit text,,,Lee,,"Copenhagen, 81",http://www.kb.dk/manus/ortsam/2009/okt/orientalia/object57581/en/#,
ms_37,Arabic manuscripts,Ishāq-Thābit text,1270,,Lee,I.39-XV,"Dublin, Chester Beatty Library, MS, 3035, 126ff.",http://www.cbl.ie/cbl_image_gallery/search/detail.aspx?imageId=1429&ImageNumber=T0004847a&page=0,
ms_38,Arabic manuscripts,Ishāq-Thābit text,,13,Lee,I-XV,"Madrid, Real Biblioteca de San Lorenzo, Ar., 907, 184ff",,
ms_39,Arabic manuscripts,Ishāq-Thābit text,,,Lee,I.13-XV,"Oxford, British Library, Huntington, 435, 221ff.",,
ms_40,Arabic manuscripts,Ishāq-Thābit text,1238,,Lee,I-XV,"Oxford, British Library, Thurston, 11, 212ff.",,
ms_41,Arabic manuscripts,Ishāq-Thābit text,1607,,Lee,I-V,"Rabat, Bibliothèque Générale, Al-Khizāna al-'Āmma, 53, 46-178",,
ms_42,Arabic manuscripts,Ishāq-Thābit text,,,Lee,,"Rabat, 1101",,
ms_43,Arabic manuscripts,Ishāq-Thābit text,,15,Lee,I-XV,"Tehran, Majlis-I Shūrā, MS, 200, 226ff.",,
ms_44,Arabic manuscripts,Ishāq-Thābit text,954,,Lee,,"Tehran, Malik, 3586, 240ff.",,
ms_45,Arabic manuscripts,Ishāq-Thābit text,1042,,Lee,,"Uppsala, Universitätsbibliothek, O.Vet., 20, 202ff.",,
ms_46,Latin Boethius manuscripts,Ma,1004,,Lee,excerpts of the Institutiones II.5-6 and extracts of Euclid [II.def.2; V.deff.],"Berne, Burgerbibliothek, Ms, 87, f.9rv",http://www.e-codices.unifr.ch/en/list/one/bbb/0087,
ms_47,Latin Boethius manuscripts,Ma,,9,Lee,,"Berne, Burgerbibliothek, Ms, 234, f.1r-53v",http://www.e-codices.unifr.ch/en/list/one/bbb/0234,
ms_48,Latin Boethius manuscripts,Ma,,10,Lee,excerpts of the Institutiones II.5-6 and extracts of Euclid,"Cambridge, Universitätsbibliothek, R.15.14, f.81r-87r",http://trin-sites-pub.trin.cam.ac.uk/james/viewpage.php?index=1165,
ms_49,Latin Boethius manuscripts,Ma,,10,Lee,,"Paris, Bibliothèque Nationale, Lat., 12963",http://gallica.bnf.fr/ark:/12148/btv1b90767898.r=12963?rk=42918;4,
ms_50,Latin Boethius manuscripts,Ma,,10,Lee,,"Paris, Bibliothèque Nationale, Lat., 13048, f.59r-82r",http://gallica.bnf.fr/ark:/12148/btv1b10533305c.r=13048?rk=21459;2,
ms_51,Latin Boethius manuscripts,Ma,,10,Lee,,"Reims, Bibl.Mun., Ms, 975, f.33ff.",http://bvmm.irht.cnrs.fr/consult/consult.php?reproductionId=4772,
ms_52,Latin Boethius manuscripts,Ma,,10,Lee,,"St.Gallen, Stiftsbibliothek, Ms, 199, p.115-374",http://www.e-codices.unifr.ch/en/list/one/csg/0199,
ms_53,Latin Boethius manuscripts,Mb,,10,Lee,,"Munich, Bayerische Staatsbibliothek, Clm, 13084, f.53v-54r",http://www.manuscripta-mediaevalia.de/dokumente/html/obj50010823,
ms_54,Latin Boethius manuscripts,Mb,,9,Lee,,"Vatican, Vatican, Palat.lat., 1564, f.79r-82r",http://digi.vatlib.it/view/MSS_Pal.lat.1564,
ms_55,Latin Boethius manuscripts,Mb,,9,Lee,,"Wolfenbütel, HAB, Cod.Guelf., 105 Gud.lat., f.43r-45v",http://diglib.hab.de/mss/105-gud-lat/start.htm,
ms_56,Latin Boethius manuscripts,Mc,,10,Lee,,"Einsiedeln, Stiftsbibliothek, Cod., 358, p.1-20, 23-37",http://www.e-codices.unifr.ch/en/list/one/sbe/0358,
ms_57,Latin Boethius manuscripts,Mc,,13,Lee,,"Florence, BLaur., Plutei, 29.19, f.1r-27r",http://mss.bmlonline.it/Catalogo.aspx?Shelfmark=Plut.29.19,
ms_58,Latin Boethius manuscripts,Mc,,11,Lee,,"Madrid, Biblioteca Nacional, Ms., 9088, f.130r-142r",http://bdh.bne.es/bnesearch/detalle/bdh0000042034,
ms_59,Latin Boethius manuscripts,Mc,,9,Lee,,"Munich, Bayerische Staatsbibliothek, Clm, 560, f.122r-149r",http://www.manuscripta-mediaevalia.de/dokumente/html/obj50007062,
ms_60,Latin Boethius manuscripts,Mc,,16,Lee,copy of Naples V A 13,"New York, Columbia University, Plimpton, 164, f.1r-15v",http://ds.lib.berkeley.edu/PlimptonMS164_20,
ms_61,Latin Boethius manuscripts,Mc,,10,Lee,,"Oxford, British Library, Douce, 125, p.1-67",http://bodley30.bodley.ox.ac.uk:8180/luna/servlet/s/41j8bz,
ms_62,Latin Boethius manuscripts,Mc,,9,Lee,,"Paris, Bibliothèque Nationale, Lat., 13955, f.107r-123v",http://gallica.bnf.fr/ark:/12148/btv1b9066978w/f115.image.r=13955,
ms_63,Latin Boethius manuscripts,Mc,,9,Lee,,"Paris, Bibliothèque Nationale, Lat., 14080, f.65r-72v, 80r-87v, 79r-v, 73r-77v",http://gallica.bnf.fr/ark:/12148/btv1b90778250/f69.item.r=14080,
ms_64,Latin Boethius manuscripts,Mc,,11,Lee,,"St.Gallen, Stiftsbibliothek, Ms, 830, p.283-309",http://www.e-codices.unifr.ch/en/list/one/csg/0830,
ms_65,Latin Boethius manuscripts,Mc,,16,Lee,incomplete,"Vatican, Vatican, Lat., 3353, f.379r-383r",http://digi.vatlib.it/view/MSS_Vat.lat.3353,
ms_66,Latin Boethius manuscripts,Mc,,16,Lee,fragment,"Vatican, Vatican, Lat., 3906, f.189r",http://digi.vatlib.it/view/MSS_Vat.lat.3906,
ms_67,Latin Boethius manuscripts,Mc,,9,Lee,fragment,"Vatican, Vatican, Regin.lat., 1023, f.16r",http://digi.vatlib.it/view/MSS_Reg.lat.1023,
ms_68,Latin Boethius manuscripts,Mc,,12,Lee,,"Wroclaw, BU, Rehdig, 55, f.2r-26r",http://www.bibliotekacyfrowa.pl/dlibra/doccontent?id=42814,
ms_69,Latin Boethius manuscripts,Md,,11,Lee,Md,"London, British Library, Harley, 3595, f.57r-68r",http://www.bl.uk/manuscripts/Viewer.aspx?ref=harley_ms_3595_f057r,
ms_70,Latin Boethius manuscripts,Md,,12,Lee,,"Munich, Bayerische Staatsbibliothek, Clm, 13021, f.194r-202r",http://daten.digitale-sammlungen.de/bsb00047475/image_393,
ms_71,Latin Boethius manuscripts,Md,,16,Lee,copy of Vat.lat.3123,"New York, Columbia University, Plimpton, 250, f.98r-129r",http://ds.lib.berkeley.edu/PlimptonMS250_20,
ms_72,Latin Boethius manuscripts,Md,,12,Lee,,"Paris, Bibliothèque Nationale, Lat., 7185, f.62v-80r",http://gallica.bnf.fr/ark:/12148/btv1b9072601b/f76.item.r=7185,
ms_73,Latin Boethius manuscripts,Md,,12,Lee,,"Vatican, Vatican, Lat., 3123, f.65v-84r",http://digi.vatlib.it/mss/detail/Vat.lat.3123,
ms_74,Latin manuscripts,Early texts based upon the Greek,500,,Lee,XI.24-25; XII.2-3.8; XIII.2-3.7.,"Verona, Bibl.Capit., MS, XL (38), 331v-r; 326v-r; 341r-v; 338r-v; 336r-v; 343r-v",,
ms_75,Latin manuscripts,Early texts based upon the Greek,,9,Lee,,"Munich, Universitätsbibliothek, MS, 2o757, 2ff",,
ms_76,Latin manuscripts,Greek-Latin Translation from the twelfth century,,12-13,Lee,"I-XIII, XV; abbreviated version of books 14 and 15","Paris, Bibliothèque Nationale, Lat., 7373, 2r-167v; 173r-175v ; 167v-172v",https://gallica.bnf.fr/ark:/12148/btv1b10035274r,
ms_77,Latin manuscripts,Greek-Latin Translation from the twelfth century,,14,Lee,incomplete; ends within X.48,"Firenze, BNC, Conv.soppr., C I 448, 1r-104v",,
ms_78,Latin manuscripts,An-Nayrizi's Commentary on Books I-X,,13-14,Lee,,"Madrid, Biblioteca Nacional, Ms., 10010, 13v-36v, 49v-50r",http://bdh.bne.es/bnesearch/detalle/bdh0000042244,
ms_79,Latin manuscripts,Version I (Adelard of Bath),,13,Lee,I-VIII.25,"Bruges, SB, MS, 529, 1r-48v",https://sharedcanvas.be/IIIF/viewer/mirador/B_OB_MS529,
ms_80,Latin manuscripts,Version I (Adelard of Bath),1300,14,Lee,VII.3-VIII.25,"London, British Library, Burney, 275, 302r-308r",http://www.bl.uk/manuscripts/FullDisplay.aspx?ref=Burney_MS_275&index=71,
ms_81,Latin manuscripts,Version I (Adelard of Bath),,12,Lee,I-VIII.22,"Oxford, Trinity College, MS, 47, 139r-180v",https://medieval.bodleian.ox.ac.uk/catalog/manuscript_11146,https://medieval.bodleian.ox.ac.uk/pdfs/trinity/MS_47.pdf
ms_82,Latin manuscripts,Version I (Adelard of Bath),,12,Lee,I-VIII.22,"Paris, Bibliothèque Nationale, Lat., 16201, 35r-82r",,
ms_83,Latin manuscripts,Hermann of Carinthia,,13,Lee,I-XII,"Paris, Bibliothèque Nationale, Lat., 16646, 2r-108r",http://gallica.bnf.fr/ark:/12148/btv1b9066077c.r=16646?rk=42918;4#,
ms_84,Latin manuscripts,Hermann of Carinthia,,12-13,Lee,XI-XI.4; XI.5-XIV.1,"Oxford, British Library, Digby, 174, 160r-v ; 160v-173v",,
ms_85,Latin manuscripts,Gerard of Cremona,,13,Lee,I-XV; scholia I-XIX,"Boulogne-sur-Mer, Bibliotheque de la Ville, MS, 196, 1r-144r ; 144r-147v",http://bvmm.irht.cnrs.fr/sommaire/sommaire.php?reproductionId=20326,
ms_86,Latin manuscripts,Gerard of Cremona,,14,Lee,I-XV; scholia I-XVII,"Bruges, SB, MS, 521, 1r-109v ; 109v-113v",http://cabrio.bibliotheek.brugge.be/browse/webgaleries/MS521/index.html,
ms_87,Latin manuscripts,Gerard of Cremona,,15,Lee,I-XV; scholia XVIII-XIX,"Paris, Bibliothèque Nationale, Lat., 7216, 1r-107v ; 107v-108r",http://gallica.bnf.fr/ark:/12148/btv1b90661821.r=7216?rk=21459;2,
ms_88,Latin manuscripts,Gerard of Cremona,,14-15,Lee,scholia I-XVII,"Paris, Bibliothèque Nationale, Lat., 7377B, 1r-9r",http://gallica.bnf.fr/ark:/12148/btv1b9066499b.r=7377b?rk=21459;2,
ms_89,Latin manuscripts,Gerard of Cremona,,16,Lee,"scholia IV-XVII, XX-XXII","Paris, Bibliothèque Nationale, Lat., 11247, 78r-91v",http://gallica.bnf.fr/ark:/12148/btv1b9066855j.r=11247?rk=42918;4,
ms_90,Latin manuscripts,Gerard of Cremona,,14,Lee,I-XV; scholia I-XVII,"Vatican, Vatican, Lat., 7299, 1r-136r ; 136r-141r",,
ms_91,Latin manuscripts,Gerard of Cremona,,14,Lee,XI.5-XV; scholia I-III,"Vatican, Vatican, Regin.lat., 1268, 113v-142v , 142v-143r ; 144r-183v, 206r-207v",http://digi.vatlib.it/view/MSS_Reg.lat.1268,
ms_92,Latin manuscripts,Gerard of Cremona,,14,Lee,I-XV; scholia I-XVII,"Vatican, Vatican, Rossiano, 579, 1r-126v ; 126v-130v",,
ms_93,Latin manuscripts,Version II (Robert of Chester),,12-13,Lee,,"London, British Library, Addit., 34018, 1r-78v",,
ms_94,Latin manuscripts,Version II (Robert of Chester),,13,Lee,VI.5-XV.5,"London, British Library, Sloane, 285, 14v-65v",http://www.bl.uk/catalogues/illuminatedmanuscripts/ILLUMIN.ASP?Size=mid&IllID=7195,
ms_95,Latin manuscripts,Version II (Robert of Chester),,12,Lee,,"London, British Library, Royal, 15 A XXVII, 1r-47r",http://www.bl.uk/catalogues/illuminatedmanuscripts/record.asp?MSID=7525&CollID=16&NStart=150127,
ms_96,Latin manuscripts,Version II (Robert of Chester),,13-14,Lee,I-XI; proofs only up to IV.1,"Munich, Bayerische Staatsbibliothek, Clm, 14353, 78r-93v",http://daten.digitale-sammlungen.de/0004/bsb00046572/images/,
ms_97,Latin manuscripts,Version II (Robert of Chester),,13,Lee,I-XV,"Oxford, British Library, Auct., F.5.28, ii r-xli v; 1r- 15r ; 74r",http://bodley30.bodley.ox.ac.uk:8180/luna/servlet/s/6p89o8,
ms_98,Latin manuscripts,Version II (Robert of Chester),,13,Lee,I-XV,"Paris, Bibliothèque Nationale, Lat., 7215, 4r-105r",http://gallica.bnf.fr/ark:/12148/btv1b9066183f.r=7215?rk=64378;0,
ms_99,Latin manuscripts,Version II (Robert of Chester),,13,Lee,I.1-I.46; intro to book 10,"Paris, Bibliothèque Nationale, Lat., 7374, 1r-13v, 109v-111r",http://gallica.bnf.fr/ark:/12148/btv1b90661947.r=7374?rk=21459;2,
ms_100,Latin manuscripts,Version II (Robert of Chester),,13,Lee,X.def.-XV end,"Paris, Bibliothèque Nationale, Lat., 16647, 3r-92r",http://gallica.bnf.fr/ark:/12148/btv1b10720896n.r=16647?rk=42918;4,
ms_101,Latin manuscripts,Mélanges of the Robert and the Boethius Texts,,12,Lee,I-XV; I-III,"Paris, Bibliothèque Nationale, Lat., 10257, 1r-88r ; 164r-169v",http://gallica.bnf.fr/ark:/12148/btv1b90669532.r=10257?rk=128756;0,
ms_102,Latin manuscripts,Version III (Johannes de Tinemue),,13,Lee,VII.7-X.36,"Oxford, British Library, D'Orville, 70, 23v-38r",,
ms_103,Latin manuscripts,Version III (Johannes de Tinemue),,13,Lee,X-XV,"Paris, Bibliothèque Nationale, Lat., 16648, 2r-58r",http://gallica.bnf.fr/ark:/12148/btv1b9066076z.r=16648?rk=42918;4,
ms_104,Latin manuscripts,Commentary from the early thirteenth century,,13,Lee,I-XV,"Bonn, Universitätsbibliothek, S, 73, 1r-86r",http://www.manuscripta-mediaevalia.de/dokumente/html/obj31275198,
ms_105,Latin manuscripts,Commentary from the early thirteenth century,,15,Lee,I-II.13,"Paris, Bibliothèque Nationale, Lat., 7292, 188r-210v",http://gallica.bnf.fr/ark:/12148/btv1b10721152w/f4.image.r=7292,
ms_106,Latin manuscripts,Commentary from the early thirteenth century,,13,Lee,I-V; VI-XV,"Oxford, British Library, Savile, 19, 1r-36v ; 36v-156r",,
ms_107,Latin manuscripts,Campanus of Novara,,15,Lee,I-XV,"Berkeley, University of California, MS, UCB 79, 2r-165v",http://ds.lib.berkeley.edu/BANCMSUCB079_1,
ms_108,Latin manuscripts,Campanus of Novara,,15,Lee,"I-II.4, enunciations only","Florence, BLaur., Plut., 29.27, 1r-7v",http://opac.bmlonline.it/Record.htm?record=581712430999,
ms_109,Latin manuscripts,Campanus of Novara,,15,Lee,I-XV,"Florence, BLaur., San Marco, 212, 1r-132v",http://opac.bmlonline.it/Record.htm?record=979212479749,
ms_110,Latin manuscripts,Campanus of Novara,,14,Lee,I-XV,"London, British Library, Harely, 5266, 1r-126v",http://www.bl.uk/manuscripts/FullDisplay.aspx?ref=Harley_MS_5266&index=0,
ms_111,Latin manuscripts,Campanus of Novara,,14,Lee,I-XII,"London, British Library, Harley, 5404, 1r-139v",http://www.bl.uk/manuscripts/Viewer.aspx?ref=harley_ms_5404_fs001r,
ms_112,Latin manuscripts,Campanus of Novara,,13,Lee,I-XV,"Madrid, Biblioteca Nacional, Ms., 8989, 1r-89v",http://bdh-rd.bne.es/viewer.vm?lang=en&id=0000088851&page=1,
ms_113,Latin manuscripts,Campanus of Novara,,14,Lee,I-VI.32,"Munich, Bayerische Staatsbibliothek, Clm, 14448, 70r-100r",http://daten.digitale-sammlungen.de/bsb00046456/image_1,
ms_114,Latin manuscripts,Campanus of Novara,,13-14,Lee,I-XV,"Munich, Bayerische Staatsbibliothek, Clm, 28209, 1r-89v",http://daten.digitale-sammlungen.de/bsb00107150/image_1,
ms_115,Latin manuscripts,Campanus of Novara,1300,,Lee,I-XV,"New York, Columbia University, MS Plimpton, 156, 1r-164v",http://ds.lib.berkeley.edu/PlimptonMS156_20,
ms_116,Latin manuscripts,Campanus of Novara,,15,Lee,I,"New York, Columbia University, MS Plimpton, 157, 1r-14v",http://ds.lib.berkeley.edu/PlimptonMS157_20,
ms_117,Latin manuscripts,Campanus of Novara,,14,Lee,II.3 end – II.7 beginning,"New York, Columbia University, MS Plimpton, 158, 1rv",http://ds.lib.berkeley.edu/PlimptonMS158_20,
ms_118,Latin manuscripts,Campanus of Novara,,14,Lee,"I-III.29 beginning, III.8 end – V.12","New York, Columbia University, MS Plimpton, 160, 1r-16v; 17r-31v",http://ds.lib.berkeley.edu/PlimptonMS160_20,
ms_119,Latin manuscripts,Campanus of Novara,,13,Lee,I-XV,"New York, Columbia University, MS Plimpton, 165, 29v-140v",http://ds.lib.berkeley.edu/PlimptonMS165_20,
ms_120,Latin manuscripts,Campanus of Novara,,13,Lee,I-XV,"Oxford, British Library, Arch. Selden, B 13, 3r-65v",https://digital.bodleian.ox.ac.uk/objects/e7c9cf2c-0440-49d1-9eb5-7d50e682a3a1/surfaces/d1d6c57f-15de-4e5e-ab55-51f697518660/,
ms_121,Latin manuscripts,Campanus of Novara,,15,Lee,I-VI,"Oxford, British Library, Canon. misc., 554, 1r-73r",,
ms_122,Latin manuscripts,Campanus of Novara,,14,Lee,I-XV,"Oxford, British Library, Digby, 191, 1r-66v",,
ms_123,Latin manuscripts,Campanus of Novara,,14,Lee,I-VI.2,"Paris, Bibliothèque Nationale, Lat., 7366, 51r-84v",http://gallica.bnf.fr/ark:/12148/btv1b9067095m.r=7366?rk=64378;0,
ms_124,Latin manuscripts,Campanus of Novara,,13,Lee,I-XV,"Paris, Bibliothèque Nationale, Lat., 16197, 2r-134v",http://gallica.bnf.fr/ark:/12148/btv1b9067733x.r=16197?rk=21459;2,
ms_125,Latin manuscripts,Campanus of Novara,,14,Lee,I-XV,"Paris, Bibliothèque Nationale, Lat., 16198, 2r-73v",http://gallica.bnf.fr/ark:/12148/btv1b90671704.r=16198?rk=42918;4,
ms_126,Latin manuscripts,Campanus of Novara,,14,Lee,I.3 end – XV,"Vatican, Vatican, Palat.lat., 1351, 1r-195v",http://digi.vatlib.it/mss/detail/Pal.lat.1351,
ms_127,Latin manuscripts,Campanus of Novara,,15,Lee,I-XV,"Vatican, Vatican, Urb.lat., 506, 2r-159v",http://digi.vatlib.it/mss/detail/Urb.lat.506,
ms_128,Latin manuscripts,Campanus of Novara,,14,Lee,"I-X.3 beg., X-XV","Vatican, Vatican, Urb.lat., 507, 1r-143r",http://digi.vatlib.it/mss/detail/Urb.lat.507,
ms_129,Latin manuscripts,Campanus of Novara,,15,Lee,I-III,"Krakow, Krakow, BJ, 552, f.98r-125r",https://jbc.bj.uj.edu.pl/dlibra/publication/540572/edition/514035,
ms_130,Latin manuscripts,Campanus of Novara,,14,Lee,I-XV,"Krakow, Krakow, BJ, 567, f.1r-127v",https://jbc.bj.uj.edu.pl/dlibra/publication/579568/edition/576948,
ms_131,Latin manuscripts,Campanus of Novara,,15,Lee,I-XV,"Krakow, Krakow, BJ, 568, f.5r-67v",https://jbc.bj.uj.edu.pl/dlibra/publication/421394/edition/432020,
ms_132,Latin manuscripts,Campanus of Novara,,14,Lee,I-XI.30,"Krakow, Krakow, BJ, 569, f.147r-198v,",https://jbc.bj.uj.edu.pl/dlibra/publication/311224/edition/297913,
ms_133,Latin manuscripts,Campanus of Novara,,15,Lee,I-III,"Krakow, Krakow, BJ, 1918, f.3r-39v,",https://jbc.bj.uj.edu.pl/dlibra/publication/353838/edition/337896,
ms_134,Latin manuscripts,An-Nayrizi's Commentary on Books I-X,,14,Lee,,"Krakow, Krakow, BJ, 569, f.1r-23r",https://jbc.bj.uj.edu.pl/dlibra/publication/311224/edition/297913,
ms_135,Greek manuscripts,Recentiores,,14,Lee,,"Vienna, Vienna, Phil.gr., 139, 251-297",https://digi.vatlib.it/view/MSS_Vat.gr.196,
ms_136,Greek manuscripts,Novelli,,16,Lee,,"Bologna, Bologna, BU, 2292 (224), 001-246",https://amshistorica.unibo.it/285,
ms_137,Greek manuscripts,Novelli,,16,Lee,,"Rome, Biblioteca Angelica, Gr., 95, 002-273",https://www.internetculturale.it/jmms/iccuviewer/iccu.jsp?id=oai%3Awww.internetculturale.sbn.it%2FTeca%3A20%3ANT0000%3ACNMD%5C%5C0000151337&mode=all&teca=MagTeca+-+ICCU,
ms_138,Greek manuscripts,Novelli,,15,Lee,,"Vatican, Vatican, Gr., 1295, 001-158",https://digi.vatlib.it/view/MSS_Vat.gr.1295,
ms_139,Greek manuscripts,Novelli,,15,Lee,,"Vienna, Vienna, Phil.gr., 62, 050-203",http://data.onb.ac.at/rec/AC14009048,
ms_140,Greek manuscripts,Epitomes,,15-16,Lee,,"Würzburg, Würzburg, M.ch.q., 202, 003-040",http://vb.uni-wuerzburg.de/ub/mchq202_117760385/inhalt.html,
ms_141,Greek manuscripts,Secondary,1533,,Lee,,"Paris, Bibliothèque Nationale, Arsenal, 8405, printed+manu note",https://archivesetmanuscrits.bnf.fr/ark:/12148/cc80707v,this is Basel_1533 which has books 1-13
ms_143,,,1695,,,,"Oxford, Bodleian, Christ Church, 131",https://digital.bodleian.ox.ac.uk/objects/9f161887-ec8e-40fe-b417-c11e5845d91d/,
ms_144,,,,14-15,,,"Paris, Bibliothèque Nationale, Département des Manuscrits, Latin 7224",https://gallica.bnf.fr/ark:/12148/btv1b9067033h,
ms_145,,,,15-16,,,"Paris, Bibliothèque Nationale, Arsenal, 8525",https://gallica.bnf.fr/ark:/12148/btv1b10890284h,
ms_146,,,,16,,,"New York, Columbia University, Plimpton, 250",https://old.maa.org/press/periodicals/convergence/mathematical-treasures-16th-century-tuscan-arithmetic,"Arithmetica (1577) is an anonymous manuscript (Plimpton MS 223), believed to have been written in the Tuscany region of Italy. It is rather artistically rendered as the cover design shows (folio 1).
http://ds.lib.berkeley.edu/PlimptonMS223_20"
ms_147,,,,17,,,"New York, Columbia University, Plimpton, 244",https://old.maa.org/press/periodicals/convergence/mathematical-treasures-17th-century-student-notes,"A notebook (not a manual) from the 17th century, including algebraic+arithmetic interpretation of book 2
http://ds.lib.berkeley.edu/PlimptonMS244_20"
ms_148,,,1478,,,,,,"The Treviso Arithmetic, an anonymous textbook in commercial arithmetic, the earliest known printed mathematics book.
https://data.cerl.org/istc/ia01141000
USTC no 760385
Translation:
https://tau.primo.exlibrisgroup.com/permalink/972TAU_INST/quev9q/alma990011438890204146
Partial translation pdf:
https://drive.google.com/file/d/135ECwlowRXKYIIgy-mXsVohWQpj0AlVg/view"
ms_149,,,,12-13,,,"Paris, Bibliothèque Nationale, Département des Manuscrits, italien 463",https://gallica.bnf.fr/ark:/12148/btv1b84268252,
ms_150,,,1594,,,,,https://catalog.lindahall.org/discovery/delivery/01LINDAHALL_INST:LHL/1287367020005961,"Euclid.; Ṭūsī, Naṣīr al-Dīn Muḥammad ibn Muḥammad, 1201-1274 translator; This copy dated 1594"
ms_151,,Adelard II,,14,https://euclid.analogmachine.org/list-of-web-sites,,"Dresden, Sächsische Landesbibliothek, Mscr.Dresd.Db., 86",https://handschriftenportal.de/search?hspobjectid=HSP-baf77096-2732-3cb5-afcf-ebfa22782fcf&hl=true,Verschiedene Schriften 16
ms_152,,Adelard II,,12,https://euclid.analogmachine.org/list-of-web-sites,,"Oxford, Balliol College, 257. C12",https://www.flickr.com/photos/balliolarchivist/albums/72157683013828352/,"Balliol College MS 257, 12th century, appears to be fully digitized. Mentioned by Heath, 1925 as  Ball. Coll. 257I, Chap 8. The digitized copy is, however, not well photographed, with a number of pages heavily cropped. Surprisingly the photographs are stored on flickr."
ms_153,,Adelard II,,,https://euclid.analogmachine.org/list-of-web-sites,,"Vatican, Vatican, Regin.lat., 1137",https://digi.vatlib.it/view/MSS_Reg.lat.1137,"Vatican  Reg Lat. 1137, fully digitized (listed by Folkerts) - it looks like only a very small part of this is Adelard I. Folkerts suggests f.73-74 to include X 24, X 27"
ms_154,,Adelard II,,14,https://euclid.analogmachine.org/list-of-web-sites,I-XII,"Oxford, British Library, Harley, 5404",,"https://www.davidboeno.org/GROEUVRE//I1p/BritLib/Harley5404.html
https://www.davidboeno.org/GROEUVRE//I1p/BritLib/Harley5404iv03.html"
ms_155,,Adelard II,1480,,https://euclid.analogmachine.org/list-of-web-sites,,"Glasgow, Glasgow, Sp Coll MS Gen., 1115",https://www.gla.ac.uk/myglasgow/library/files/special/exhibns/month/june2001.html,
ms_156,,,14,,https://euclid.analogmachine.org/list-of-web-sites,I-XXV.2,"Oxford, Bodleian, D'Orville, 70",https://medieval.bodleian.ox.ac.uk/catalog/manuscript_4172,
ms_157,Al-Khazini's Epitome of his Zij as-Sanjari,,,,https://www.wilbourhall.org/index.html,,"Tehran, Sipahsalar Mosque, 682",https://www.wilbourhall.org/pdfs/tehran.pdf,"A PDF of a photocopy of manuscript 682 in the library of the Sipahsalar Mosque in Tehran, Iran containing the Zij as-Sanjari (Arabic). [This manuscript includes the astronomical tables of the Zij. ] (From the collection of David E. Pingree)"
ms_158,Al-Khazini's Epitome of his Zij as-Sanjari,,,,https://www.wilbourhall.org/index.html,,"Istanbul, Suleymaniye Library, Hamidiye, 859",https://www.wilbourhall.org/pdfs/alKhazini.pdf,A PDF of a photocopy of a microfilm of manuscript 859 of the Hamidiye collection in the Suleymaniye Library in Istanbul containing the Zij as-Sanjari (Arabic). [This manuscript does not contain the astronomical tables of the Zij.] (From the collection of David E. Pingree)
ms_159,Boethius tradition,"Cassiodorus, Institutiones, third recension",,9,folkerts,,"Cheltenham, Phillipps, MS, 16278, f.54-54v",,
ms_160,Boethius tradition,"Cassiodorus, Institutiones, third recension",,10-11,folkerts,,"Glasgow, Hunterian Museum, 281, f.54-54v",,
ms_161,Boethius tradition,"Cassiodorus, Institutiones, third recension",,10,folkerts,,"Karlsruhe, Badische Landesbibliothek, Augiensis, 106, f.54-54v",,
ms_162,Boethius tradition,"Cassiodorus, Institutiones, third recension",,10,folkerts,,"München, Bayerische Staatsbibliothek, CLM, 13084, f.54-54v",,only II def. 2; V def. 1-8.11.9.10.13.12.14-16.18.17
ms_163,Boethius tradition,"Cassiodorus, Institutiones, third recension",,10,folkerts,,"Paris, Bibliothèque Nationale, Lat., 12963",,
ms_164,Boethius tradition,"Cassiodorus, Institutiones, third recension",,9,folkerts,,"Valenciennes, Bibliothèque Municipale, 195",,
ms_165,Boethius tradition,Manuscripts of the Corpus agrimensorum,,,folkerts,,"Bruxelles, Bibliothèque Royale, 4499-4503, f.4v-5",,
ms_166,Boethius tradition,Manuscripts of the Corpus agrimensorum,,,folkerts,,"Bruxelles, Bibliothèque Royale, 10629-10660, f.153",,
ms_167,Boethius tradition,Manuscripts of the Corpus agrimensorum,,,folkerts,,"Chartres, Bibliothèque de la Ville, 498, f.153",,
ms_168,Boethius tradition,Manuscripts of the Corpus agrimensorum,,,folkerts,,"München, Bayerische Staatsbibliothek, CLM, 13084, f.53v-54",,
ms_169,Boethius tradition,Manuscripts of the Corpus agrimensorum,,,folkerts,,"Napoli, Biblioteca Nazionale, V A, 13, f.30v-31",,
ms_170,Boethius tradition,Manuscripts of the Corpus agrimensorum,,,folkerts,,"Paris, Bibliothèque Nationale, Lat., 8679A, f.19-21",,
ms_171,Boethius tradition,Manuscripts of the Corpus agrimensorum,,,folkerts,,"Vatican, Ottob., lat., 1862, f.26",,
ms_172,Boethius tradition,Manuscripts of the Corpus agrimensorum,,,folkerts,,"Vatican, Palat., lat., 1564, f.79-82",,
ms_173,Boethius tradition,Manuscripts of the Corpus agrimensorum,,,folkerts,,"Wolfenbüttel, Herzog August Bibliothek, Cod. Guelf., 105 Gud. lat., f.43-45v",,
ms_174,Boethius tradition,"Pseudo-Boethius, Geometry I",,,folkerts,,"Bamberg, Staatliche Bibliothek, Class. 55 (olim H.J. IV 22), f.1v-16",,
ms_175,Boethius tradition,"Pseudo-Boethius, Geometry I",,,folkerts,,"Bern, Bürgerbibliothek, 299, f.1-14",,
ms_176,Boethius tradition,"Pseudo-Boethius, Geometry I",,,folkerts,,"Cambridge, Trinity College, R.15.14, 939, f.4-43v",,
ms_177,Boethius tradition,"Pseudo-Boethius, Geometry I",,15,folkerts,,"Cesena, Biblioteca Malatestiana, Plut.sin., XXVI.1, f.221-249",,
ms_178,Boethius tradition,"Pseudo-Boethius, Geometry I",,,folkerts,,"Chartres, Bibliothèque de la Ville, 498, f.141v-143",,
ms_179,Boethius tradition,"Pseudo-Boethius, Geometry I",,,folkerts,,"Einsiedeln, Stiftsbibliothek, 298, f.1-27",,
ms_180,Boethius tradition,"Pseudo-Boethius, Geometry I",,,folkerts,,"Firenze, Biblioteca Medicea Laurenziana, Plut., 29.19, f.1-27",,
ms_181,Boethius tradition,"Pseudo-Boethius, Geometry I",,,folkerts,,"London, British Library, Addit., 47679, f.74-101v",,
ms_182,Boethius tradition,"Pseudo-Boethius, Geometry I",,,folkerts,,"Madrid, Biblioteca Nacional, 9088 (olim Aa 53), f.130-147v",,
ms_183,Boethius tradition,"Pseudo-Boethius, Geometry I",,,folkerts,,"München, Bayerische Staatsbibliothek, CLM, 560, f.122-149",,
ms_184,Boethius tradition,"Pseudo-Boethius, Geometry I",,,folkerts,,"München, Bayerische Staatsbibliothek, CLM, 4024a, f.3-9v",,
ms_185,Boethius tradition,"Pseudo-Boethius, Geometry I",,,folkerts,,"Napoli, Biblioteca Nazionale, V A, 13, f.1-15",,
ms_186,Boethius tradition,"Pseudo-Boethius, Geometry I",,,folkerts,,"New York, Columbia University, Plimpton, 164, f.2-16v",,
ms_187,Boethius tradition,"Pseudo-Boethius, Geometry I",,,folkerts,,"Oxford, Bodleian Library, Douce, 125, f.59v-83",,
ms_188,Boethius tradition,"Pseudo-Boethius, Geometry I",,,folkerts,,"Paris, Bibliothèque Nationale, Lat., 13020, f.59v-83",,
ms_189,Boethius tradition,"Pseudo-Boethius, Geometry I",,,folkerts,,"Paris, Bibliothèque Nationale, Lat., 13955, f.107-123v",,
ms_190,Boethius tradition,"Pseudo-Boethius, Geometry I",,,folkerts,,"Paris, Bibliothèque Nationale, Lat., 14080, f.65-72v",,
ms_191,Boethius tradition,"Pseudo-Boethius, Geometry I",,,folkerts,,"Praha, Universitnì Knihovna, IX.C.6 (= 1717), f.47-63v",,
ms_192,Boethius tradition,"Pseudo-Boethius, Geometry I",,,folkerts,,"Rostock, Universitätsbibliothek, Phil., 18 (olim IV 111,4), p.29-30",,
ms_193,Boethius tradition,"Pseudo-Boethius, Geometry I",,,folkerts,,"Vatican, Barb., lat., 92, f.19v-22v",,
ms_194,Boethius tradition,"Pseudo-Boethius, Geometry I",,,folkerts,,"Vatican, Ottob., lat., 1862, f.37-44v",,
ms_195,Boethius tradition,"Pseudo-Boethius, Geometry I",,,folkerts,,"Vienna, Österreichische Nationalbibliothek, 55, f.1-14v",,
ms_196,Boethius tradition,"Pseudo-Boethius, Geometry I",,,folkerts,,"Vienna, Österreichische Nationalbibliothek, 2269, f.220-223",,
ms_197,Boethius tradition,"Pseudo-Boethius, Geometry I",,,folkerts,,"Wroclaw, Biblioteka Uniwersytecka, Rehdig., 55, f.2-26",,
ms_198,Boethius tradition,"Pseudo-Boethius, Geometry II",,,folkerts,,"Berlin, Staatsbibliothek Preussischer Kulturbesitz, Lat.oct., 162, f.69-70",,
ms_199,Boethius tradition,"Pseudo-Boethius, Geometry II",,,folkerts,,"Bruxelles, Bibliothèque Royale, 4499-4503, f.28-28v",,
ms_200,Boethius tradition,"Pseudo-Boethius, Geometry II",,,folkerts,,"Cesena, Biblioteca Malatestiana, Plut.sin., XXVI.1, f.201-220",,
ms_201,Boethius tradition,"Pseudo-Boethius, Geometry II",,,folkerts,,"Chartres, Bibliothèque de la Ville, 498, f.155-166",,
ms_202,Boethius tradition,"Pseudo-Boethius, Geometry II",,,folkerts,,"Cheltenham, Phillipps, 7017, f.1v-76",,
ms_203,Boethius tradition,"Pseudo-Boethius, Geometry II",,,folkerts,,"Erlangen, Universitätsbibliothek, 379, f.1v-76",,
ms_204,Boethius tradition,"Pseudo-Boethius, Geometry II",,,folkerts,,"Groningen, Bibliotheek der Rijksuniversiteit, 103, f.207v-216",,
ms_205,Boethius tradition,"Pseudo-Boethius, Geometry II",,,folkerts,,"London, British Library, Addit., 47679, f.146-147",,
ms_206,Boethius tradition,"Pseudo-Boethius, Geometry II",,,folkerts,,"London, British Library, Arundel, 339, f.49-59",,
ms_207,Boethius tradition,"Pseudo-Boethius, Geometry II",,,folkerts,,"London, British Library, Harley, 3595, f.57-68",,
ms_208,Boethius tradition,"Pseudo-Boethius, Geometry II",,,folkerts,,"London, British Library, Lansdowne, 842B, f.51-65v",,
ms_209,Boethius tradition,"Pseudo-Boethius, Geometry II",,,folkerts,,"München, Bayerische Staatsbibliothek, CLM, 4024a, f.1v-2v",,
ms_210,Boethius tradition,"Pseudo-Boethius, Geometry II",,,folkerts,,"München, Bayerische Staatsbibliothek, CLM, 13021, f.194-202",,
ms_211,Boethius tradition,"Pseudo-Boethius, Geometry II",,,folkerts,,"München, Bayerische Staatsbibliothek, CLM, 23511, f.30-51v",,
ms_212,Boethius tradition,"Pseudo-Boethius, Geometry II",,,folkerts,,"New York, Columbia University, Plimpton, 250, f.98-129",,
ms_213,Boethius tradition,"Pseudo-Boethius, Geometry II",,,folkerts,,"Paris, Bibliothèque Nationale, Lat., 7185, f.62v-80",,
ms_214,Boethius tradition,"Pseudo-Boethius, Geometry II",,,folkerts,,"Paris, Bibliothèque Nationale, Lat., 7377C, f.18v-24",,
ms_215,Boethius tradition,"Pseudo-Boethius, Geometry II",,,folkerts,,"Rostock, Universitätsbibliothek, Phil., 18 (olim IV 111,4), p.1-17",,
ms_216,Boethius tradition,"Pseudo-Boethius, Geometry II",,,folkerts,,"Vatican, Lat., 3123, f.65v-84",,
ms_217,Boethius tradition,"Pseudo-Boethius, Geometry II",,,folkerts,,"Vatican, Barb., lat., 92, f.3-16v",,
ms_218,Boethius tradition,"Pseudo-Boethius, Geometry II",,,folkerts,,"Vatican, Ottob., lat., 1862, f.26v-33v",,
ms_219,Boethius tradition,"Pseudo-Boethius, Geometry II",,,folkerts,,"Vatican, Regin., lat., 1071, f.56-58v",,
ms_220,Verona palimpsest,,,5,folkerts,,"Verona, Biblioteca Capitolare, XL (38), f.331v-331, 326v-326, 341-341v, 338-338v, 336-336v, 343-343v",,
ms_221,Munich fragment,,,,folkerts,,"München, Universitätsbibliothek, 2o, 757, f.1-2v",,
ms_223,Greek-Latin translation (twelfth century),,,,folkerts,,"Firenze, Biblioteca Nazionale Centrale, Conv.soppr. C I, 448, f.1-104v",,
ms_224,Greek-Latin translation (twelfth century),,,,folkerts,,"Venezia, Biblioteca Nazionale Marciana, fondo antico, 271 (= 1642), f.1-1v",,
ms_225,Liber ysagogarum Alchorismi,,,,folkerts,,"Admont, Stiftsbibliothek, f.231-232v",,
ms_226,Liber ysagogarum Alchorismi,,,,folkerts,,"Genoa, Biblioteca Universitaria, E.III., 28, f.231-232v",,
ms_227,Liber ysagogarum Alchorismi,,,,folkerts,,"Milano, Biblioteca Ambrosiana, A 3 sup., f.1-20",,
ms_228,Liber ysagogarum Alchorismi,,,,folkerts,,"München, Bayerische Staatsbibliothek, CLM, 13021, f.27-31v",,
ms_229,Liber ysagogarum Alchorismi,,,,folkerts,,"München, Bayerische Staatsbibliothek, CLM, 18927, f.31-33",,
ms_230,Liber ysagogarum Alchorismi,,,,folkerts,,"Oxford, Bodleian Library, Lyell, 52, f.21-34",,
ms_231,Liber ysagogarum Alchorismi,,,,folkerts,,"Paris, Bibliothèque Nationale, Lat., 16208, f.67-71",,
ms_232,Liber ysagogarum Alchorismi,,,,folkerts,,"Vienna, Österreichische Nationalbibliothek, 275, f.27",,
ms_233,Early Arabian Manuscripts,Hajjaj text,,,folkerts,,"København, Kongelige Biblioteket, 81",,
ms_234,Early Arabian Manuscripts,Hajjaj text,,,folkerts,,"Leiden, Bibliotheek der Rijksuniversiteit, Or., 399/1",,
ms_235,Early Arabian Manuscripts,Ishaq-Thabit text,,,folkerts,,"Cambridge, University Library, Addit., 1075, f.2r-65v",,
ms_236,Early Arabian Manuscripts,Ishaq-Thabit text,,,folkerts,,"Dunedin, Otago Museum, a.873 H. El Escorial ar. 907, 184ff",,
ms_237,Early Arabian Manuscripts,Ishaq-Thabit text,,,folkerts,,"Istanbul, Fatih, 3439, f.2r-65v",,
ms_238,Early Arabian Manuscripts,Ishaq-Thabit text,,,folkerts,,"Kabul, Kitabkhane-i Wizarat-i Ma'arif",,
ms_239,Early Arabian Manuscripts,Ishaq-Thabit text,,,folkerts,,"Kastamonu, Kastamonu, 607, ca. 200 ff.",,"also: Købnhavn, Kongelige Biblioteket 81, 214ff. (I-XV)"
ms_240,Early Arabian Manuscripts,Ishaq-Thabit text,,,folkerts,,"Leningrad, Institut vostokovedenija, C, 2145",,
ms_241,Early Arabian Manuscripts,Ishaq-Thabit text,,,folkerts,,"Oxford, Bodleian Library, Huntington, 435",,
ms_242,Early Arabian Manuscripts,Ishaq-Thabit text,,,folkerts,,"Paris, Bibliothèque Nationale, Arab., 2500",,
ms_243,Early Arabian Manuscripts,Ishaq-Thabit text,,,folkerts,,"Rabat, al-Malik, 1101",,
ms_244,Early Arabian Manuscripts,Ishaq-Thabit text,,,folkerts,,"Rabat, al-Malik, 5317",,
ms_245,Early Arabian Manuscripts,Ishaq-Thabit text,,,folkerts,,"Rampur, Raza Library, Arshi, 200",,
ms_246,Early Arabian Manuscripts,Ishaq-Thabit text,,,folkerts,,"Teheran, Danishgah, 2120",,
ms_247,Adelard I,,,,folkerts,,"Bruges, Stadsbibliotheek, 529, f.1-48v",,
ms_248,Adelard I,,,,folkerts,,"London, British Library, Burney, 275, f.302-308",,
ms_249,Adelard I,,,,folkerts,,"Oxford, Trinity College, 47, f.171-180v",,
ms_250,Adelard I,,,,folkerts,,"Paris, Bibliothèque Nationale, Lat., 16201, f.35-82",,
ms_251,Adelard I,,,,folkerts,,"Vatican, Regin., lat., 1137, f.73v-74",,
ms_252,Adelard I,,,,folkerts,,"Vienna, Österreichische Nationalbibliothek, 83, f.64-65v",,
ms_253,Hermann of Carinthia,,,,folkerts,,"Paris, Bibliothèque Nationale, Lat., 16646, f.2-108",,
ms_254,Hermann of Carinthia,,,,folkerts,,"Oxford, Bodleian Library, Digby, 174, f.160-160v",,
ms_255,Hermann of Carinthia,,,,folkerts,,"Vatican, Regin., lat., 1268, f.113r-113v",,
ms_256,Gerard of Gremona,,,,folkerts,I-XV,"Bruges, Stadsbibliotheek, 521, f.1-109v",,
ms_257,Gerard of Gremona,,,,folkerts,"scholia IVXVII, XX-XXII","Firenze, Biblioteca Nazionale Centrale, Conv.soppr. J V, 30, f.55-57v",,
ms_258,Gerard of Gremona,,,,folkerts,I - X 101,"Madrid, Biblioteca de la Universidad, 102 (117-z-6), f.137-196v",,
ms_259,Gerard of Gremona,,,,folkerts,,"Milano, Biblioteca Ambrosiana, D 186 inf., f.1-107v (I - X 109",,
ms_260,Gerard of Gremona,,,,folkerts,,"Oxford, Bodleian Library, Digby, 174, f.160v-173v",,
ms_261,Gerard of Gremona,,,,folkerts,,"Oxford, Bodleian Library, Canon. misc., 145, f.307",,
ms_262,Gerard of Gremona,,,,folkerts,,"Palermo, Biblioteca Comunale, 2 Qq E 98, f.1-83v",,
ms_263,Gerard of Gremona,,,,folkerts,I-XV,"Paris, Bibliothèque Nationale, Lat., 7216, f.1-107v",,
ms_264,Gerard of Gremona,,,,folkerts,,"Paris, Bibliothèque Nationale, Lat., 7377B, f.1-9",,
ms_265,Gerard of Gremona,,,,folkerts,"scholia IVXVII, XX-XXII","Paris, Bibliothèque Nationale, Lat., 11247, f.78-91v",,
ms_266,Gerard of Gremona,,,,folkerts,I - I 5,"Roma, Biblioteca Vallicelliana, F., 86, f.49-54",,
ms_267,Gerard of Gremona,,,,folkerts,I-XV,"Vatican, Lat., 7299, f.1r-136",,
ms_268,Gerard of Gremona,,,,folkerts,XI 5 - XV,"Vatican, Regin., lat., 1268, f.113v-142v",,
ms_269,Gerard of Gremona,,,,folkerts,,"Vatican, Regin., lat., 1904, f.86-90 (XV 1-5",,
ms_270,Gerard of Gremona,,,,folkerts,I-XV,"Vatican, Rossiano, 579, f.1-126v",,
ms_271,Adelard II,,,,folkerts,,"Berlin, Staatsbibliothek Preussischer Kulturbesitz, Lat. qu., 510, f.1-59v",,
ms_272,Adelard II,,,,folkerts,,"Budapest, private possession of Walter Endrei, f.1-6v",,
ms_273,Adelard II,,,,folkerts,,"Cambridge, Fitzwilliam Museum, McClean, 168, f.1-6v",,
ms_274,Adelard II,,,,folkerts,,"Cambridge, Gonville & Caius College, 504/271, f.30v-86",,
ms_275,Adelard II,,,,folkerts,,"Cambridge, University Library, Dd., XII.61 (= 778), f.2v-124v",,
ms_276,Adelard II,,,,folkerts,,"Chartres, Bibliothèque de la Ville, 498, f.122v-124v",,
ms_277,Adelard II,,,,folkerts,,"Darmstadt, Hessische Landes- und Hochschulbibliothek, 739, f.1-39v",,
ms_278,Adelard II,,,,folkerts,,"Erfurt, Wissenschaftliche Allgemeinbibliothek, Amplon. qu., 23, f.1-70v",,
ms_279,Adelard II,,,,folkerts,,"Erfurt, Wissenschaftliche Allgemeinbibliothek, Amplon. qu., 352, f.23v-62v",,
ms_280,Adelard II,,,,folkerts,,"Exeter, Cathedral Library, 3503, f.1-99",,
ms_281,Adelard II,,,,folkerts,,"Firenze, Biblioteca Nazionale Centrale, Conv.soppr. J I, 18, f.137-160v",,
ms_282,Adelard II,,,,folkerts,,"Firenze, Biblioteca Nazionale Centrale, Conv.soppr. J I, 32, f.49-103",,
ms_283,Adelard II,,,,folkerts,,"Firenze, Biblioteca Riccardiana, 2968/2, f.1-22v",,
ms_284,Adelard II,,,,folkerts,,"Hildesheim, Dombibliothek, 744, f.2-108",,
ms_285,Adelard II,,,,folkerts,,"København, Kongelige Biblioteket, 277, f.102-113v",,
ms_286,Adelard II,,,,folkerts,,"Leipzig, Universitätsbibliothek, f.1-60",,
ms_287,Adelard II,,,,folkerts,,"Lincoln, Cathedral Library, Library, 238, f.1-8",,
ms_288,Adelard II,,,,folkerts,,"London, British Library, Addit., 33381, f.186-186v",,
ms_289,Adelard II,,,,folkerts,,"London, British Library, Addit., 34018, f.1-78v",,
ms_290,Adelard II,,,,folkerts,,"London, British Library, Burney, 275, f.293-302",,
ms_291,Adelard II,,,,folkerts,,"London, British Library, Royal, 10 A VII, f.213",,
ms_292,Adelard II,,,,folkerts,,"London, British Library, Royal, 15 A XXVII, f.1-47",,
ms_293,Adelard II,,,,folkerts,,"London, British Library, Royal, 15 B IV, f.154-157v",,
ms_294,Adelard II,,,,folkerts,,"London, British Library, Sloane, 285, f.14v-65v",,
ms_295,Adelard II,,,,folkerts,,"London, British Library, Sloane, 1044, f.80-80v",,
ms_296,Adelard II,,,,folkerts,,"London, Royal Society, 28, f.1-74v",,
ms_297,Adelard II,,,,folkerts,,"München, Bayerische Staatsbibliothek, CLM, 3523, f.3-21v",,
ms_298,Adelard II,,,,folkerts,,"München, Bayerische Staatsbibliothek, CLM, 4377, f.142-142v",,
ms_299,Adelard II,,,,folkerts,,"München, Bayerische Staatsbibliothek, CLM, 13021, f.170-186v",,
ms_300,Adelard II,,,,folkerts,,"München, Bayerische Staatsbibliothek, CLM, 14111, f.1-4",,
ms_301,Adelard II,,,,folkerts,,"München, Bayerische Staatsbibliothek, CLM, 14353, f.78-93v",,
ms_302,Adelard II,,,,folkerts,,"München, Bayerische Staatsbibliothek, CLM, 23511, f.1-29v",,
ms_303,Adelard II,,,,folkerts,,"München, Bayerische Staatsbibliothek, CLM, 26889, f.187-187v",,
ms_304,Adelard II,,,,folkerts,,"Napoli, Biblioteca Nazionale, VIII C, 22, f.1-44",,
ms_305,Adelard II,,,,folkerts,,"Oxford, Bodleian Library, Ashmole, 357, f.71-75v",,
ms_306,Adelard II,,,,folkerts,,"Oxford, Bodleian Library, Auct. F.5., 28, f.ii-xliv",,
ms_307,Adelard II,,,,folkerts,,"Oxford, Bodleian Library, Auct. F.5., 29, f.132-158",,
ms_308,Adelard II,,,,folkerts,,"Oxford, Corpus Christi College, 224, f.114-138",,
ms_309,Adelard II,,,,folkerts,,"Oxford, Corpus Christi College, 251, f.22-83",,
ms_310,Adelard II,,,,folkerts,,"Oxford, Corpus Christi College, 283, f.50-65v",,
ms_311,Adelard II,,,,folkerts,,"Oxford, Trinity College, 47, f.104v-138",,
ms_312,Adelard II,,,,folkerts,,"Paris, Bibliothèque Nationale, Lat., 7215, f.4v-105",,
ms_313,Adelard II,,,,folkerts,,"Paris, Bibliothèque Nationale, Lat., 7292, f.247-267v",,
ms_314,Adelard II,,,,folkerts,,"Paris, Bibliothèque Nationale, Lat., 7374, f.1-13v",,
ms_315,Adelard II,,,,folkerts,,"Paris, Bibliothèque Nationale, Lat., 7374A, f.1-57",,
ms_316,Adelard II,,,,folkerts,,"Paris, Bibliothèque Nationale, Lat., 7420A, f.80-85",,
ms_317,Adelard II,,,,folkerts,,"Paris, Bibliothèque Nationale, Lat., 11245, f.1-57v",,
ms_318,Adelard II,,,,folkerts,,"Paris, Bibliothèque Nationale, Lat., 16647, f.3-92",,
ms_319,Adelard II,,,,folkerts,,"Praha, Universitnì Knihovna, III.H.19 (= 572), f.1-127v",,
ms_320,Adelard II,,,,folkerts,,"Vatican, Ottob., lat., 1862, f.1-19",,
ms_321,Adelard II,,,,folkerts,,"Vatican, Regin., lat., 1137, f.1-73v",,
ms_322,Adelard II,,,,folkerts,,"Venezia, Biblioteca Nazionale Marciana, 332 (= 1647), f.86-233",,
ms_323,Adelard II,,,,folkerts,,"Vienna, Österreichische Nationalbibliothek, 83, f.63v-64",,
ms_324,Adelard II,,,,folkerts,,"Wolfenbüttel, Herzog August Bibliothek, Guelf. 51.9 Aug. 4to, f.53-60v",,
ms_325,Adelard II,,,,folkerts,,"Worcester, Chapter Library, Q, 89, f.1-3",,
ms_326,Adelard II,,,,folkerts,,"Wroclaw, Biblioteka Uniwersytecka Mil., II., 10, f.1-115v",,
ms_327,Galileo,,,15,,,"Florence, Biblioteca Nazionale Centrale, Ms.Gal., 72, f.1-196",https://www.mpiwg-berlin.mpg.de/Galileo_Prototype/INDEX.HTM,
